<s:Envelope>
  <s:Header>
    <wsa:Action>
      http://www.w3.org/2005/08/addressing/fault
    </wsa:Action>
    <!-- Other headers not shown for brevity -->
  </s:Header>
  <s:Body>
    <s:Fault>
      <s:Code>
        <s:Value>s:Receiver</s:Value>
        <s:Subcode>
          <s:Value>fed:SpecificMetadata</s:Value>
        </s:Subcode>
      </s:Code>
      <s:Reason>
        <s:Text xml:lang="en">
          Additional credentials required in order to
          perform operation. Please resubmit request with
          appropriate credentials.
        </s:Text>
      </s:Reason>
      <s:Detail>
        <mex:Metadata>
          <mex:MetadataSection 
           Dialect="http://schemas.xmlsoap.org/ws/2004/09/policy"
     Identifier="http://contoso.com/RFPService/PlaceBid">
            <!-- original token required to access RFP service-->
            <wsp:Policy>
              <sp:SymmetricBinding xmlns:sp="...">
                <wsp:Policy>
                 <sp:ProtectionToken>
                  <wsp:Policy>
                   <sp:IssuedToken>
                     ...
                   </sp:IssuedToken>
                  </wsp:Policy>
                 </sp:ProtectionToken>
                 ...
                </wsp:Policy>
               </sp:SymmetricBinding>
  <!-- additional token required to authorize bid submission-->
              <sp:EndorsingSupportingTokens>
               <wsp:Policy>
    <sp:IssuedToken>
                 <sp:Issuer>  
                   <wsa:EndpointReference>
                    <wsa:Address>http://www.fabrikam.com</wsa:Address>
                  </wsa:EndpointReference>
                 </sp:Issuer>
                 <wst:Claims 
              Dialect="http://schemas.xmlsoap.org/ws/2006/12/authorization/authclaims">
                  <auth:ClaimType Uri="http://schemas.xmlsoap.org/claims/Group">
                    <auth:Value>Bonded</auth:Value>
                  </auth:ClaimType>
                 </wst:Claims>
                </sp:IssuedToken>
               </wsp:Policy>
              </sp:EndorsingSupportingTokens>
            </wsp:Policy>
          </mex:MetadataSection>
        </mex:Metadata>
      </s:Detail>
    </s:Fault>
  </s:Body>
</s:Envelope>