<s:Envelope>
  <s:Header>
    <wsa:Action>
      http://docs.oasis-open.org/ws-sx/ws-trust/200512/RST/Issue
    </wsa:Action>
    <!-- Other headers not shown for brevity -->
  </s:Header>
  <s:Body>
    <wst:RequestSecurityToken>
      <wst:TokenType>
        http://example.org/mySpecialToken
      </wst:TokenType>
      <wst:RequestType>
        http://docs.oasis-open.org/ws-sx/ws-trust/200512/Issue
      </wst:RequestType>
    </wst:RequestSecurityToken>
  </s:Body>
</s:Envelope>