<s:Envelope>
  <s:Header>
    <wsa:Action>
      http://docs.oasis-open.org/ws-sx/ws-trust/200512/RSTR/Issue
    </wsa:Action>
    <!-- Other headers not shown for brevity -->
  </s:Header>
  <s:Body>
    <wst:RequestSecurityTokenResponseCollection>
      <wst:RequestSecurityTokenResponse>
        <wst:RequestedSecurityToken>
          <xyz:CustomToken xmlns:xyz="...">
            ...
          </xyz:CustomToken>
        </wst:RequestedSecurityToken>
      </wst:RequestSecurityTokenResponse>
    </wst:RequestSecurityTokenResponseCollection>
  </s:Body>
</s:Envelope>